USE cotador;

-- ADMINISTRADORAS
INSERT INTO Administradora (id, nome) VALUES (1, 'ALLCARE');
INSERT INTO Administradora (id, nome) VALUES (2, 'ELO');
INSERT INTO Administradora (id, nome) VALUES (3, 'NUNES E GROSSI');
INSERT INTO Administradora (id, nome) VALUES (4, 'QUALICORP');
INSERT INTO Administradora (id, nome) VALUES (5, 'X');

-- OPERADORAS
INSERT INTO Operadora (id, nome) VALUES (1, 'AMIL');
INSERT INTO Operadora (id, nome) VALUES (2, 'AMIL ONE');
INSERT INTO Operadora (id, nome) VALUES (3, 'BRADESCO');
INSERT INTO Operadora (id, nome) VALUES (4, 'SEGUROS UNIMED');
INSERT INTO Operadora (id, nome) VALUES (5, 'SULAMÉRICA');
INSERT INTO Operadora (id, nome) VALUES (6, 'UNIMED - CNU');

-- PRODUTOS
INSERT INTO Produto (id, nome, tipoAbrangencia, administradora_id, ativo) VALUES (4, 'EFETIVO', 'NACIONAL', 3, true);
INSERT INTO Produto (id, nome, tipoAbrangencia, administradora_id, ativo) VALUES (5, 'FLEX', 'NACIONAL', 3, true);
INSERT INTO Produto (id, nome, tipoAbrangencia, administradora_id, ativo) VALUES (6, 'TOP E', 'NACIONAL', 3, true);
INSERT INTO Produto (id, nome, tipoAbrangencia, administradora_id, ativo) VALUES (7, 'TOP A', 'NACIONAL', 3, true);
INSERT INTO Produto (id, nome, tipoAbrangencia, administradora_id, ativo) VALUES (36, 'TOP PLUS', 'NACIONAL', 3, true);
INSERT INTO Produto (id, nome, tipoAbrangencia, administradora_id, ativo) VALUES (17, 'EFETIVO', 'NACIONAL', 3, true);
INSERT INTO Produto (id, nome, tipoAbrangencia, administradora_id, ativo) VALUES (22, 'FLEX', 'NACIONAL', 3, true);
INSERT INTO Produto (id, nome, tipoAbrangencia, administradora_id, ativo) VALUES (23, 'TOP E', 'NACIONAL', 3, true);
INSERT INTO Produto (id, nome, tipoAbrangencia, administradora_id, ativo) VALUES (24, 'TOP A', 'NACIONAL', 3, true);
INSERT INTO Produto (id, nome, tipoAbrangencia, administradora_id, ativo) VALUES (25, 'TOP PLUS', 'NACIONAL', 3, true);
INSERT INTO Produto (id, nome, tipoAbrangencia, administradora_id, ativo) VALUES (35, '350', 'NACIONAL', 1, true);
INSERT INTO Produto (id, nome, tipoAbrangencia, administradora_id, ativo) VALUES (8, '400 ', 'NACIONAL', 1, true);
INSERT INTO Produto (id, nome, tipoAbrangencia, administradora_id, ativo) VALUES (9, 'CLÁSSICO', 'REGIONAL', 6, true);
INSERT INTO Produto (id, nome, tipoAbrangencia, administradora_id, ativo) VALUES (10, 'ESTILO', 'NACIONAL', 6, true);
INSERT INTO Produto (id, nome, tipoAbrangencia, administradora_id, ativo) VALUES (11, 'ABSOLUTO', 'NACIONAL', 6, true);
INSERT INTO Produto (id, nome, tipoAbrangencia, administradora_id, ativo) VALUES (12, 'SUPERIOR', 'NACIONAL', 6, true);
INSERT INTO Produto (id, nome, tipoAbrangencia, administradora_id, ativo) VALUES (38, 'EXCLUSIVO', 'NACIONAL', 6, true);
INSERT INTO Produto (id, nome, tipoAbrangencia, administradora_id, ativo) VALUES (18, 'COMPACTO', 'NACIONAL', 4, true);
INSERT INTO Produto (id, nome, tipoAbrangencia, administradora_id, ativo) VALUES (19, 'EFETIVO', 'NACIONAL', 4, true);
INSERT INTO Produto (id, nome, tipoAbrangencia, administradora_id, ativo) VALUES (20, 'COMPLETO', 'NACIONAL', 4, true);
INSERT INTO Produto (id, nome, tipoAbrangencia, administradora_id, ativo) VALUES (21, 'SUPERIOR', 'NACIONAL', 4, true);
INSERT INTO Produto (id, nome, tipoAbrangencia, administradora_id, ativo) VALUES (37, 'SÊNIOR', 'NACIONAL', 4, true);
INSERT INTO Produto (id, nome, tipoAbrangencia, administradora_id, ativo) VALUES (26, 'EXATO', 'NACIONAL', 5, true);
INSERT INTO Produto (id, nome, tipoAbrangencia, administradora_id, ativo) VALUES (27, 'ESPECIAL', 'NACIONAL', 5, true);
INSERT INTO Produto (id, nome, tipoAbrangencia, administradora_id, ativo) VALUES (28, 'EXECUTIVO', 'NACIONAL', 5, true);
INSERT INTO Produto (id, nome, tipoAbrangencia, administradora_id, ativo) VALUES (16, 'PRESTIGE', 'NACIONAL', 5, true);
INSERT INTO Produto (id, nome, tipoAbrangencia, administradora_id, ativo) VALUES (29, 'S80', 'GRUPO_DE_ESTADOS', 1, true);
INSERT INTO Produto (id, nome, tipoAbrangencia, administradora_id, ativo) VALUES (30, 'S380', 'NACIONAL', 1, true);
INSERT INTO Produto (id, nome, tipoAbrangencia, administradora_id, ativo) VALUES (31, 'S450', 'NACIONAL', 1, true);
INSERT INTO Produto (id, nome, tipoAbrangencia, administradora_id, ativo) VALUES (32, 'S750', 'NACIONAL', 1, true);
INSERT INTO Produto (id, nome, tipoAbrangencia, administradora_id, ativo) VALUES (39, 'S1500', 'NACIONAL', 2, true);
INSERT INTO Produto (id, nome, tipoAbrangencia, administradora_id, ativo) VALUES (33, 'S2500', 'NACIONAL', 2, true);
INSERT INTO Produto (id, nome, tipoAbrangencia, administradora_id, ativo) VALUES (34, 'S6500', 'NACIONAL', 2, true);



































-- H33O34SPITAIS

-- LABORATORIOS
INSERT INTO Laboratorio (id, nome) VALUES (1, 'SANTA PAULA');
INSERT INTO Laboratorio (id, nome) VALUES (2, 'SABIN');
INSERT INTO Laboratorio (id, nome) VALUES (3, 'EXAME');
INSERT INTO Laboratorio (id, nome) VALUES (4, 'DIAGNÓSTICO');
INSERT INTO Laboratorio (id, nome) VALUES (5, 'FLEURY');







--

