USE cotador;

-- ADMINISTRADORAS
insert into Administradora (id, nome) values (1, 'ALLCARE');
insert into Administradora (id, nome) values (2, 'ELO');
insert into Administradora (id, nome) values (3, 'NUNES E GROSSI');
insert into Administradora (id, nome) values (4, 'QUALICORP');


-- OPERADORAS
insert into Operadora (id, nome) values (1, 'AMIL');
insert into Operadora (id, nome) values (2, 'AMIL ONE');
insert into Operadora (id, nome) values (3, 'BRADESCO');
insert into Operadora (id, nome) values (4, 'SEGUROS UNIMED');
insert into Operadora (id, nome) values (5, 'SULAMÉRICA');
insert into Operadora (id, nome) values (6, 'UNIMED - CNU');


-- HOSPITAIS
insert into Hospital (id, local, nome) values (1, 'Local 6', 'Hospital1');
insert into Hospital (id, local, nome) values (2, 'Local 7', 'Hospital2');
insert into Hospital (id, local, nome) values (3, 'Local 8', 'Hospital3');
insert into Hospital (id, local, nome) values (4, 'Local 9', 'Hospital4');
insert into Hospital (id, local, nome) values (5, 'Local 10', 'Hospital5');



-- LABORATORIOS
insert into Laboratorio (id, local, nome) values (1, 'Local 1', 'SANTA PAULA');
insert into Laboratorio (id, local, nome) values (2, 'Local 2', 'SABIN');
insert into Laboratorio (id, local, nome) values (3, 'Local 3', 'EXAME');
insert into Laboratorio (id, local, nome) values (4, 'Local 4', 'DIAGNÓSTICO');
insert into Laboratorio (id, local, nome) values (5, 'Local 5', 'FLEURY');


-- PROFISSOES
insert into Profissao (id, nome) values (1, 'Autônomo');
insert into Profissao (id, nome) values (2, 'Empresário');
insert into Profissao (id, nome) values (3, 'Empresário Individual');
insert into Profissao (id, nome) values (4, 'Comerciário');
insert into Profissao (id, nome) values (5, 'Empregados do Conselho de Adm');
insert into Profissao (id, nome) values (6, 'Servidor Público Distrital');
insert into Profissao (id, nome) values (7, 'Servidor Público Federal');
insert into Profissao (id, nome) values (8, 'Delegado da Polícia Federal');
insert into Profissao (id, nome) values (9, 'Defensor Público');
insert into Profissao (id, nome) values (10, 'Juiz Federal');
insert into Profissao (id, nome) values (11, 'Servidor da Receita');
insert into Profissao (id, nome) values (12, 'Servidor do Detran');
insert into Profissao (id, nome) values (13, 'Servidor do Ministério Público Federal');
insert into Profissao (id, nome) values (14, 'Magistrado');
insert into Profissao (id, nome) values (15, 'Estudante Ed Infantil');
insert into Profissao (id, nome) values (16, 'Estudante Secundarista');
insert into Profissao (id, nome) values (17, 'Estudante de Faculdade');
insert into Profissao (id, nome) values (18, 'Estudante de Direito');
insert into Profissao (id, nome) values (19, 'Estudante de Contabilidade 7º  em diante');
insert into Profissao (id, nome) values (20, 'Profissional Liberal');
insert into Profissao (id, nome) values (21, 'Administrador com CRA');
insert into Profissao (id, nome) values (22, 'Administrador sem CRA');
insert into Profissao (id, nome) values (23, 'Advogado C/ OAB');
insert into Profissao (id, nome) values (24, 'Advogado s/ OAB');
insert into Profissao (id, nome) values (25, 'Estagiário Advogado');
insert into Profissao (id, nome) values (26, 'Agronomo');
insert into Profissao (id, nome) values (27, 'Arquiteto');
insert into Profissao (id, nome) values (28, 'Biologo');
insert into Profissao (id, nome) values (29, 'Contador');
insert into Profissao (id, nome) values (30, 'Dentista');
insert into Profissao (id, nome) values (31, 'Economista');
insert into Profissao (id, nome) values (32, 'Educação Física');
insert into Profissao (id, nome) values (33, 'Engenheiro');
insert into Profissao (id, nome) values (34, 'Farmacêutico');
insert into Profissao (id, nome) values (35, 'Fisioterapeuta');
insert into Profissao (id, nome) values (36, 'Médico');
insert into Profissao (id, nome) values (37, 'Marinheiro');
insert into Profissao (id, nome) values (38, 'Nutricionista');
insert into Profissao (id, nome) values (39, 'Piloto de Aviação');
insert into Profissao (id, nome) values (40, 'Psicólogo');
insert into Profissao (id, nome) values (41, 'Psicopedagogo');
insert into Profissao (id, nome) values (42, 'Professor Particular');
insert into Profissao (id, nome) values (43, 'Técnico em Odontologia');
insert into Profissao (id, nome) values (44, 'Técnico Industrial');
insert into Profissao (id, nome) values (45, 'Tradutor');
insert into Profissao (id, nome) values (46, 'Veterinário');


-- ENTIDADES
insert into Entidade (id, nome) values (1, 'ABECA');
insert into Entidade (id, nome) values (2, 'ABESP DF');
insert into Entidade (id, nome) values (3, 'ABRABDIR');
insert into Entidade (id, nome) values (4, 'ABRACEM');
insert into Entidade (id, nome) values (5, 'ACRESP');
insert into Entidade (id, nome) values (6, 'ADPF');
insert into Entidade (id, nome) values (7, 'AESP/DF');
insert into Entidade (id, nome) values (8, 'AFB');
insert into Entidade (id, nome) values (9, 'AJUFE');
insert into Entidade (id, nome) values (10, 'AMAGIS');
insert into Entidade (id, nome) values (11, 'AMAI');
insert into Entidade (id, nome) values (12, 'AMB');
insert into Entidade (id, nome) values (13, 'AMBr');
insert into Entidade (id, nome) values (14, 'AMN');
insert into Entidade (id, nome) values (15, 'ANADEF');
insert into Entidade (id, nome) values (16, 'ANAMATRA');
insert into Entidade (id, nome) values (17, 'ANATO');
insert into Entidade (id, nome) values (18, 'ASCOM');
insert into Entidade (id, nome) values (19, 'ASMPF');
insert into Entidade (id, nome) values (20, 'CAA-DF');
insert into Entidade (id, nome) values (21, 'CNPL');
insert into Entidade (id, nome) values (22, 'CORECON-DF');
insert into Entidade (id, nome) values (23, 'CRA-DF');
insert into Entidade (id, nome) values (24, 'CRBio-4');
insert into Entidade (id, nome) values (25, 'CREF7');
insert into Entidade (id, nome) values (26, 'CRF-DF');
insert into Entidade (id, nome) values (27, 'CRO-DF');
insert into Entidade (id, nome) values (28, 'CRP-01');
insert into Entidade (id, nome) values (29, 'FEBRAD');
insert into Entidade (id, nome) values (30, 'FECOMÉRCIO');
insert into Entidade (id, nome) values (31, 'FECOMÉRCIO - DF');
insert into Entidade (id, nome) values (32, 'FEIFAR');
insert into Entidade (id, nome) values (33, 'FENAMEV');
insert into Entidade (id, nome) values (34, 'FETRACOM');
insert into Entidade (id, nome) values (35, 'FETRATUH');
insert into Entidade (id, nome) values (36, 'FINAFITO');
insert into Entidade (id, nome) values (37, 'FNN');
insert into Entidade (id, nome) values (38, 'FNO');
insert into Entidade (id, nome) values (39, 'MÚTUA');
insert into Entidade (id, nome) values (40, 'SASPB');
insert into Entidade (id, nome) values (41, 'SINDICOM-DF');
insert into Entidade (id, nome) values (42, 'SINDICONTA-DF');
insert into Entidade (id, nome) values (43, 'SINDMÉDICO - DF');
insert into Entidade (id, nome) values (44, 'SINDPSICOP - BR');
insert into Entidade (id, nome) values (45, 'SINPROEP - DF');
insert into Entidade (id, nome) values (46, 'SINPROEP');
insert into Entidade (id, nome) values (47, 'UBES');
insert into Entidade (id, nome) values (48, 'UNE');


-- COPARTICIPACOES
insert into Coparticipacao (id, percentualConsulta, percentualExameEspecial, percentualExameSimples, percentualInternacao, percentualProntoSocorro, valorConsulta, valorExameEspecial, valorExameSimples, valorInternacao, valorProntoSocorro) values (1, 3, 7, 5, 9, 1, 4, 8, 6, 0, 2);
insert into Coparticipacao (id, percentualConsulta, percentualExameEspecial, percentualExameSimples, percentualInternacao, percentualProntoSocorro, valorConsulta, valorExameEspecial, valorExameSimples, valorInternacao, valorProntoSocorro) values (2, 3, 7, 5, 9, 1, 4, 8, 6, 0, 2);
insert into Coparticipacao (id, percentualConsulta, percentualExameEspecial, percentualExameSimples, percentualInternacao, percentualProntoSocorro, valorConsulta, valorExameEspecial, valorExameSimples, valorInternacao, valorProntoSocorro) values (3, 3, 7, 5, 9, 1, 4, 8, 6, 0, 2);
insert into Coparticipacao (id, percentualConsulta, percentualExameEspecial, percentualExameSimples, percentualInternacao, percentualProntoSocorro, valorConsulta, valorExameEspecial, valorExameSimples, valorInternacao, valorProntoSocorro) values (4, 45, 89, 90, 9, null, 68, 76, 54, 64, 67);
insert into Coparticipacao (id, percentualConsulta, percentualExameEspecial, percentualExameSimples, percentualInternacao, percentualProntoSocorro, valorConsulta, valorExameEspecial, valorExameSimples, valorInternacao, valorProntoSocorro) values (5, 56, 90, 7, 67, 34, 67, 0, 89, 54, 45);


-- PRODUTOS
insert into Produto (id, abrangencia, ativo, nome, reembolso, coparticipacao_id, operadora_id) values (1, 1, true, 'Amil 1', 123, 1, 1);
insert into Produto (id, abrangencia, ativo, nome, reembolso, coparticipacao_id, operadora_id) values (2, 1, true, 'Amil 2', 321, 2, 1);
insert into Produto (id, abrangencia, ativo, nome, reembolso, coparticipacao_id, operadora_id) values (3, 2, true, 'Bradesco', 999, 3, 3);
insert into Produto (id, abrangencia, ativo, nome, reembolso, coparticipacao_id, operadora_id) values (4, 0, true, 'Unimed 1', 200, 4, 4);
insert into Produto (id, abrangencia, ativo, nome, reembolso, coparticipacao_id, operadora_id) values (5, 2, true, 'Sulamerica', 76, 5, 5);


-- TABELA
insert into Tabela (id, categoria, compulsoria, contemplaMEI, estado, idadeMaxima, idadeMinima, nome, preferencial, qtdMinTitulares, qtdMinVidas, reajuste, administradora_id, operadora_id) values (1, 0, true, true, 6, 2, 1, 'Tabela 1', false, 4, 3, 0, 1, 1);
insert into Tabela (id, categoria, compulsoria, contemplaMEI, estado, idadeMaxima, idadeMinima, nome, preferencial, qtdMinTitulares, qtdMinVidas, reajuste, administradora_id, operadora_id) values (2, 1, null, true, 8, 8, 9, 'Tabela 2', false, 6, 7, 1, 4, 3);
insert into Tabela (id, categoria, compulsoria, contemplaMEI, estado, idadeMaxima, idadeMinima, nome, preferencial, qtdMinTitulares, qtdMinVidas, reajuste, administradora_id, operadora_id) values (3, 0, false, false, 6, 2, 1, 'Tabela 3', true, 8, 5, 0, 2, 4);
insert into Tabela (id, categoria, compulsoria, contemplaMEI, estado, idadeMaxima, idadeMinima, nome, preferencial, qtdMinTitulares, qtdMinVidas, reajuste, administradora_id, operadora_id) values (4, 0, null, true, 8, 5, 8, 'Tabela 4', true, 4, 9, 11, 1, 1);


-- TABELA-PRODUTO
insert into Tabela_Produto (Tabela_id, produtos_id) values (1, 1);
insert into Tabela_Produto (Tabela_id, produtos_id) values (2, 3);
insert into Tabela_Produto (Tabela_id, produtos_id) values (3, 4);


-- ENTIDADE-PROFISSAO
insert into Entidade_Profissao (entidade_id, profissoes_id) values (18, 3);
insert into Entidade_Profissao (entidade_id, profissoes_id) values (35, 3);
insert into Entidade_Profissao (entidade_id, profissoes_id) values (31, 3);


-- OPCAO
insert into Opcao (id, acomodacao, coparticipacao, valor0a18anos, valor19a23anos, valor24a28anos, valor29a33anos, valor34a38anos, valor39a43anos, valor44a48anos, valor49a53anos, valor54a58anos, valor59ouMaisAnos, produto_id, tabela_id) values (1, 0, true, 1, 2, 3, 4, 5, 6, 7, 8, 9, 10, 1, 1);
insert into Opcao (id, acomodacao, coparticipacao, valor0a18anos, valor19a23anos, valor24a28anos, valor29a33anos, valor34a38anos, valor39a43anos, valor44a48anos, valor49a53anos, valor54a58anos, valor59ouMaisAnos, produto_id, tabela_id) values (2, 1, true, 10, 9, 8, 7, 6, 5, 4, 3, 2, 1, 3, 2);
